city,country,region,temperature,feels_like,temp_min,temp_max,humidity,pressure,weather,weather_desc,wind_speed,clouds,timestamp,datetime_24h,datetime_12h,date,hour,time_period
Bangkok,TH,Central,35.9,42.9,32.94,36.64,53,1008,Clouds,scattered clouds,4.21,38,1776744423,2026-04-21 04:07:03,2026-04-21 04:07:03 AM,2026-04-21,4,Night
Bangkok,TH,Central,36.03,43.03,32.94,36.64,52,1009,Clouds,scattered clouds,4.21,38,1776745028,2026-04-21 04:17:08,2026-04-21 04:17:08 AM,2026-04-21,4,Night
Bangkok,TH,Central,36.85,43.85,33.94,37.19,51,1008,Clouds,scattered clouds,4.45,40,1776747162,2026-04-21 04:52:42,2026-04-21 04:52:42 AM,2026-04-21,4,Night
Bangkok,TH,Central,37.12,44.12,33.94,37.75,49,1007,Clouds,scattered clouds,5.08,31,1776751733,2026-04-21 06:08:53,2026-04-21 06:08:53 AM,2026-04-21,6,Morning
Bangkok,TH,Central,37.12,44.12,33.94,37.75,49,1007,Clouds,scattered clouds,5.08,31,1776752352,2026-04-21 06:19:12,2026-04-21 06:19:12 AM,2026-04-21,6,Morning
Bangkok,TH,Central,37.6,44.6,33.94,38.3,50,1007,Clouds,scattered clouds,5.08,31,1776752958,2026-04-21 06:29:18,2026-04-21 06:29:18 AM,2026-04-21,6,Morning
Bangkok,TH,Central,37.6,44.6,33.94,38.3,50,1006,Clouds,scattered clouds,5.07,42,1776753265,2026-04-21 06:34:25,2026-04-21 06:34:25 AM,2026-04-21,6,Morning
Bangkok,TH,Central,37.47,44.47,33.94,37.75,50,1006,Clouds,scattered clouds,5.07,42,1776753872,2026-04-21 06:44:32,2026-04-21 06:44:32 AM,2026-04-21,6,Morning
Bangkok,TH,Central,36.64,43.64,32.94,37.75,51,1004,Clouds,few clouds,6.25,21,1776761438,2026-04-21 08:50:38,2026-04-21 08:50:38 AM,2026-04-21,8,Morning
Bangkok,TH,Central,36.51,43.51,32.94,37.19,50,1004,Clouds,few clouds,6.25,21,1776762056,2026-04-21 09:00:56,2026-04-21 09:00:56 AM,2026-04-21,9,Morning
Chiang Mai,TH,North,38.95,41.54,37.33,40.5,31,1003,Clouds,few clouds,3.09,20,1776753881,2026-04-21 06:44:41,2026-04-21 06:44:41 AM,2026-04-21,6,Morning
Chiang Mai,TH,North,37.21,40.86,36.18,38.18,38,1001,Clouds,few clouds,2.06,20,1776761124,2026-04-21 08:45:24,2026-04-21 08:45:24 AM,2026-04-21,8,Morning
Chiang Mai,TH,North,38.0,45.0,37.34,38.74,44,1001,Clouds,few clouds,2.06,20,1776761748,2026-04-21 08:55:48,2026-04-21 08:55:48 AM,2026-04-21,8,Morning
Chiang Rai,TH,North,36.99,38.34,36.99,38.65,32,999,Clouds,few clouds,3.6,16,1776762002,2026-04-21 09:00:02,2026-04-21 09:00:02 AM,2026-04-21,9,Morning
Khon Kaen,TH,Northeast,36.14,36.38,36.14,36.14,30,1004,Clear,clear sky,1.82,4,1776753739,2026-04-21 06:42:19,2026-04-21 06:42:19 AM,2026-04-21,6,Morning
Khon Kaen,TH,Northeast,38.11,38.66,38.11,38.11,27,1002,Clouds,few clouds,2.5,15,1776761459,2026-04-21 08:50:59,2026-04-21 08:50:59 AM,2026-04-21,8,Morning
Khon Kaen,TH,Northeast,37.76,38.71,37.76,37.76,29,1003,Clouds,few clouds,2.5,15,1776762321,2026-04-21 09:05:21,2026-04-21 09:05:21 AM,2026-04-21,9,Morning
Nakhon Ratchasima,TH,Northeast,35.69,42.69,35.59,36.36,54,1004,Clouds,scattered clouds,3.09,40,1776762013,2026-04-21 09:00:13,2026-04-21 09:00:13 AM,2026-04-21,9,Morning
Phuket,TH,South,33.12,40.12,33.12,33.12,62,1008,Clouds,few clouds,4.12,20,1776753901,2026-04-21 06:45:01,2026-04-21 06:45:01 AM,2026-04-21,6,Morning
Phuket,TH,South,32.12,39.12,32.12,32.12,66,1006,Clouds,few clouds,4.63,20,1776761265,2026-04-21 08:47:45,2026-04-21 08:47:45 AM,2026-04-21,8,Morning
Phuket,TH,South,32.12,39.12,32.12,32.12,66,1006,Clouds,few clouds,4.63,20,1776762321,2026-04-21 09:05:21,2026-04-21 09:05:21 AM,2026-04-21,9,Morning
Surat Thani,TH,South,35.99,40.6,27.9,35.99,44,1005,Clouds,few clouds,5.14,20,1776761898,2026-04-21 08:58:18,2026-04-21 08:58:18 AM,2026-04-21,8,Morning
Udon Thani,TH,Northeast,36.95,39.6,36.95,36.95,36,1003,Clouds,few clouds,3.09,20,1776761652,2026-04-21 08:54:12,2026-04-21 08:54:12 AM,2026-04-21,8,Morning
